t_s,ref_rad_s,omega_rad_s,vcmd_V
0.000000000000000000e+00,0.000000000000000000e+00,0.000000000000000000e+00,0.000000000000000000e+00
1.000000000000000021e-02,0.000000000000000000e+00,0.000000000000000000e+00,0.000000000000000000e+00
2.000000000000000042e-02,0.000000000000000000e+00,0.000000000000000000e+00,0.000000000000000000e+00
2.999999999999999889e-02,0.000000000000000000e+00,0.000000000000000000e+00,0.000000000000000000e+00
4.000000000000000083e-02,0.000000000000000000e+00,0.000000000000000000e+00,0.000000000000000000e+00
5.000000000000000278e-02,0.000000000000000000e+00,0.000000000000000000e+00,0.000000000000000000e+00
5.999999999999999778e-02,0.000000000000000000e+00,0.000000000000000000e+00,0.000000000000000000e+00
7.000000000000000666e-02,0.000000000000000000e+00,0.000000000000000000e+00,0.000000000000000000e+00
8.000000000000000167e-02,0.000000000000000000e+00,0.000000000000000000e+00,0.000000000000000000e+00
8.999999999999999667e-02,0.000000000000000000e+00,0.000000000000000000e+00,0.000000000000000000e+00
1.000000000000000056e-01,0.000000000000000000e+00,0.000000000000000000e+00,0.000000000000000000e+00
1.100000000000000006e-01,0.000000000000000000e+00,0.000000000000000000e+00,0.000000000000000000e+00
1.199999999999999956e-01,0.000000000000000000e+00,0.000000000000000000e+00,0.000000000000000000e+00
1.300000000000000044e-01,0.000000000000000000e+00,0.000000000000000000e+00,0.000000000000000000e+00
1.400000000000000133e-01,0.000000000000000000e+00,0.000000000000000000e+00,0.000000000000000000e+00
1.499999999999999944e-01,0.000000000000000000e+00,0.000000000000000000e+00,0.000000000000000000e+00
1.600000000000000033e-01,0.000000000000000000e+00,0.000000000000000000e+00,0.000000000000000000e+00
1.700000000000000122e-01,0.000000000000000000e+00,0.000000000000000000e+00,0.000000000000000000e+00
1.799999999999999933e-01,0.000000000000000000e+00,0.000000000000000000e+00,0.000000000000000000e+00
1.900000000000000022e-01,0.000000000000000000e+00,0.000000000000000000e+00,0.000000000000000000e+00
2.000000000000000111e-01,0.000000000000000000e+00,0.000000000000000000e+00,0.000000000000000000e+00
2.099999999999999922e-01,0.000000000000000000e+00,0.000000000000000000e+00,0.000000000000000000e+00
2.200000000000000011e-01,0.000000000000000000e+00,0.000000000000000000e+00,0.000000000000000000e+00
2.300000000000000100e-01,0.000000000000000000e+00,0.000000000000000000e+00,0.000000000000000000e+00
2.399999999999999911e-01,0.000000000000000000e+00,0.000000000000000000e+00,0.000000000000000000e+00
2.500000000000000000e-01,3.000000000000000000e+02,0.000000000000000000e+00,5.000000000000000000e+00
2.600000000000000089e-01,3.000000000000000000e+02,1.615520270230005195e+01,5.000000000000000000e+00
2.700000000000000178e-01,3.000000000000000000e+02,3.168662948439550320e+01,5.000000000000000000e+00
2.800000000000000266e-01,3.000000000000000000e+02,4.661836524362853851e+01,5.000000000000000000e+00
2.899999999999999800e-01,3.000000000000000000e+02,6.097356492435471154e+01,5.000000000000000000e+00
2.999999999999999889e-01,3.000000000000000000e+02,7.477448942478302740e+01,5.000000000000000000e+00
3.099999999999999978e-01,3.000000000000000000e+02,8.804254011740061969e+01,5.000000000000000000e+00
3.200000000000000067e-01,3.000000000000000000e+02,1.007982920365134589e+02,5.000000000000000000e+00
3.300000000000000155e-01,3.000000000000000000e+02,1.130615257843678592e+02,5.000000000000000000e+00
3.400000000000000244e-01,3.000000000000000000e+02,1.248512582053300264e+02,5.000000000000000000e+00
3.500000000000000333e-01,3.000000000000000000e+02,1.361857718756909037e+02,5.000000000000000000e+00
3.599999999999999867e-01,3.000000000000000000e+02,1.470826434548266093e+02,5.000000000000000000e+00
3.699999999999999956e-01,3.000000000000000000e+02,1.575587709416793416e+02,5.000000000000000000e+00
3.800000000000000044e-01,3.000000000000000000e+02,1.676303998788257275e+02,5.000000000000000000e+00
3.900000000000000133e-01,3.000000000000000000e+02,1.773131485447680120e+02,5.000000000000000000e+00
4.000000000000000222e-01,3.000000000000000000e+02,1.866220321735140715e+02,5.000000000000000000e+00
4.100000000000000311e-01,3.000000000000000000e+02,1.955714862390042015e+02,5.000000000000000000e+00
4.199999999999999845e-01,3.000000000000000000e+02,2.041753888404922748e+02,5.000000000000000000e+00
4.299999999999999933e-01,3.000000000000000000e+02,2.124470822235946343e+02,5.000000000000000000e+00
4.400000000000000022e-01,3.000000000000000000e+02,2.203993934703799766e+02,5.000000000000000000e+00
4.500000000000000111e-01,3.000000000000000000e+02,2.280446543905847250e+02,5.000000000000000000e+00
4.600000000000000200e-01,3.000000000000000000e+02,2.353947206447995484e+02,5.000000000000000000e+00
4.700000000000000289e-01,3.000000000000000000e+02,2.424609901292817824e+02,5.000000000000000000e+00
4.799999999999999822e-01,3.000000000000000000e+02,2.492544206509035405e+02,5.000000000000000000e+00
4.899999999999999911e-01,3.000000000000000000e+02,2.557855469196441334e+02,5.000000000000000000e+00
5.000000000000000000e-01,3.000000000000000000e+02,2.620644968849777570e+02,5.000000000000000000e+00
5.100000000000000089e-01,3.000000000000000000e+02,2.681010074414894575e+02,5.000000000000000000e+00
5.200000000000000178e-01,3.000000000000000000e+02,2.739044395280741355e+02,5.000000000000000000e+00
5.300000000000000266e-01,3.000000000000000000e+02,2.794837926441338141e+02,5.000000000000000000e+00
5.400000000000000355e-01,3.000000000000000000e+02,2.848477188052830797e+02,5.000000000000000000e+00
5.500000000000000444e-01,3.000000000000000000e+02,2.900045359602046346e+02,5.000000000000000000e+00
5.600000000000000533e-01,3.000000000000000000e+02,2.949622408894603609e+02,5.000000000000000000e+00
5.700000000000000622e-01,3.000000000000000000e+02,2.997285216062604150e+02,5.000000000000000000e+00
5.799999999999999600e-01,3.000000000000000000e+02,3.043107692784208211e+02,4.855512911860130565e+00
5.899999999999999689e-01,3.000000000000000000e+02,3.082492460506436487e+02,4.723023518929093001e+00
5.999999999999999778e-01,3.000000000000000000e+02,3.116075738951901712e+02,4.312891706683169346e+00
6.099999999999999867e-01,3.000000000000000000e+02,3.135110792950832774e+02,4.122897088833067158e+00
6.199999999999999956e-01,3.000000000000000000e+02,3.147272072646601373e+02,4.018681380529858238e+00
6.300000000000000044e-01,3.000000000000000000e+02,3.155596535825207525e+02,3.947890379683508311e+00
6.400000000000000133e-01,3.000000000000000000e+02,3.161312293412444774e+02,3.890123688361238674e+00
6.500000000000000222e-01,3.000000000000000000e+02,3.164940892053845118e+02,3.837432064301648627e+00
6.600000000000000311e-01,3.000000000000000000e+02,3.166726897478751539e+02,3.786717996723889534e+00
6.700000000000000400e-01,3.000000000000000000e+02,3.166805350548204387e+02,3.736774506054068468e+00
6.800000000000000488e-01,3.000000000000000000e+02,3.165267079999448470e+02,3.330904768448674780e+00
6.900000000000000577e-01,3.000000000000000000e+02,3.150674388554897973e+02,3.470894570740283847e+00
7.000000000000000666e-01,3.000000000000000000e+02,3.141168269458307805e+02,3.495260966905639144e+00
7.099999999999999645e-01,3.000000000000000000e+02,3.132816483612181173e+02,3.474573415132625520e+00
7.199999999999999734e-01,3.000000000000000000e+02,3.124118749204477581e+02,3.436330090762696798e+00
7.299999999999999822e-01,3.000000000000000000e+02,3.114521189683532043e+02,3.391245964075154884e+00
7.399999999999999911e-01,3.000000000000000000e+02,3.103837519512156291e+02,3.699722753385921603e+00
7.500000000000000000e-01,3.000000000000000000e+02,3.103533371536540244e+02,3.461418325256402362e+00
7.600000000000000089e-01,3.000000000000000000e+02,3.095541254474937887e+02,3.338378161333327210e+00
7.700000000000000178e-01,3.000000000000000000e+02,3.083882247123034404e+02,3.260252001699669222e+00
7.800000000000000266e-01,3.000000000000000000e+02,3.070149123145835688e+02,3.555853594871459133e+00
7.900000000000000355e-01,3.000000000000000000e+02,3.066497262413062685e+02,3.312532203170496903e+00
8.000000000000000444e-01,3.000000000000000000e+02,3.055124592535769921e+02,3.543763634325955980e+00
8.100000000000000533e-01,3.000000000000000000e+02,3.051662219299378194e+02,3.631586202890624726e+00
8.200000000000000622e-01,3.000000000000000000e+02,3.051171116133548935e+02,3.307301400138511482e+00
8.300000000000000711e-01,3.000000000000000000e+02,3.040221201733192515e+02,3.506984536457992352e+00
8.399999999999999689e-01,3.000000000000000000e+02,3.036145922572692939e+02,3.582513960574622125e+00
8.499999999999999778e-01,3.000000000000000000e+02,3.034668382192894001e+02,3.609665507984917365e+00
8.599999999999999867e-01,3.000000000000000000e+02,3.034125169304649035e+02,3.261739566124066236e+00
8.699999999999999956e-01,3.000000000000000000e+02,3.022361302425371719e+02,3.452210669289586864e+00
8.800000000000000044e-01,3.000000000000000000e+02,3.017205854151575863e+02,3.524150522089903870e+00
8.900000000000000133e-01,3.000000000000000000e+02,3.014573871057676229e+02,3.549903353058396771e+00
9.000000000000000222e-01,3.000000000000000000e+02,3.012875597075674250e+02,3.557658896567917228e+00
9.100000000000000311e-01,3.000000000000000000e+02,3.011493480682031532e+02,3.558401596576507231e+00
9.200000000000000400e-01,3.000000000000000000e+02,3.010188726754953450e+02,3.556411664010287410e+00
9.300000000000000488e-01,3.000000000000000000e+02,3.008870055750547294e+02,3.553356930726937257e+00
9.400000000000000577e-01,3.000000000000000000e+02,3.007503600884605248e+02,3.549887285985073859e+00
9.500000000000000666e-01,3.000000000000000000e+02,3.006077801204228308e+02,3.546255966372374946e+00
9.599999999999999645e-01,3.000000000000000000e+02,3.004589724318566937e+02,3.542561648345622149e+00
9.699999999999999734e-01,3.000000000000000000e+02,3.003039739336979324e+02,3.538842782285196442e+00
9.799999999999999822e-01,3.000000000000000000e+02,3.001429443464352289e+02,3.535114350810049100e+00
9.899999999999999911e-01,3.000000000000000000e+02,2.999760856329654644e+02,3.531382192064521419e+00
1.000000000000000000e+00,3.000000000000000000e+02,2.998036108213849502e+02,3.527648580946579404e+00
1.010000000000000009e+00,3.000000000000000000e+02,2.996257320647522420e+02,3.880140914705502375e+00
1.020000000000000018e+00,3.000000000000000000e+02,3.005936384867221136e+02,3.686890489208094035e+00
1.030000000000000027e+00,3.000000000000000000e+02,3.008997726719129560e+02,3.609308974714207974e+00
1.040000000000000036e+00,3.000000000000000000e+02,3.009434175515473271e+02,3.576799139640923553e+00
1.050000000000000044e+00,3.000000000000000000e+02,3.008803366436874853e+02,3.561851986434086292e+00
1.060000000000000053e+00,3.000000000000000000e+02,3.007713965236356444e+02,3.553748327818691433e+00
1.070000000000000062e+00,3.000000000000000000e+02,3.006404794908710869e+02,3.548311313089419716e+00
1.080000000000000071e+00,3.000000000000000000e+02,3.004970501405248342e+02,3.543913385849790654e+00
1.090000000000000080e+00,3.000000000000000000e+02,3.003449489252176932e+02,3.539920350623207757e+00
1.100000000000000089e+00,3.000000000000000000e+02,3.001858189008025306e+02,3.536085086078942563e+00
1.110000000000000098e+00,3.000000000000000000e+02,3.000204412233130711e+02,3.532311298638193264e+00
1.120000000000000107e+00,3.000000000000000000e+02,2.998492557587533724e+02,3.528561466435522931e+00
1.130000000000000115e+00,3.000000000000000000e+02,2.996725641545916119e+02,3.524820968658166187e+00
1.140000000000000124e+00,3.000000000000000000e+02,2.994906091708087956e+02,3.521084108143597291e+00
1.150000000000000133e+00,3.000000000000000000e+02,2.993036057863062638e+02,3.517348664928980906e+00
1.159999999999999920e+00,3.000000000000000000e+02,2.991117535065467337e+02,3.513613773981077326e+00
1.169999999999999929e+00,3.000000000000000000e+02,2.989152413388387686e+02,3.866105609040002999e+00
1.179999999999999938e+00,3.000000000000000000e+02,2.998652322015705636e+02,3.672854989218585775e+00
1.189999999999999947e+00,3.000000000000000000e+02,3.001541419455060691e+02,3.595273399004185411e+00
1.199999999999999956e+00,3.000000000000000000e+02,3.001812272000080384e+02,3.562763534425559708e+00
1.209999999999999964e+00,3.000000000000000000e+02,3.001022259629424980e+02,3.547816369721639607e+00
1.219999999999999973e+00,3.000000000000000000e+02,2.999779801836496063e+02,3.539712706626277683e+00
1.229999999999999982e+00,3.000000000000000000e+02,2.998323484509780883e+02,3.534275690151336136e+00
1.239999999999999991e+00,3.000000000000000000e+02,2.996747725510925306e+02,3.529877762231486749e+00
1.250000000000000000e+00,3.000000000000000000e+02,2.995090710029425622e+02,3.525884726739848318e+00
1.260000000000000009e+00,3.000000000000000000e+02,2.993368657734996532e+02,3.522049462092300409e+00
1.270000000000000018e+00,3.000000000000000000e+02,2.991589177433700684e+02,3.874502185421260236e+00
1.280000000000000027e+00,3.000000000000000000e+02,3.001266295836887252e+02,3.681236325278661070e+00
1.290000000000000036e+00,3.000000000000000000e+02,3.004325268303451821e+02,3.603648796503373664e+00
1.300000000000000044e+00,3.000000000000000000e+02,3.004759244876002526e+02,3.571136617898357901e+00
1.310000000000000053e+00,3.000000000000000000e+02,3.004125983309314165e+02,3.556188551508281837e+00
1.320000000000000062e+00,3.000000000000000000e+02,3.003034194809524138e+02,3.548084537060868460e+00
1.330000000000000071e+00,3.000000000000000000e+02,3.001722717862634227e+02,3.542647383677686612e+00
1.340000000000000080e+00,3.000000000000000000e+02,3.000286202321893825e+02,3.538249402410017286e+00
1.350000000000000089e+00,3.000000000000000000e+02,2.998763052181974444e+02,3.534256346130805859e+00
1.360000000000000098e+00,3.000000000000000000e+02,2.997169695821543201e+02,3.530421073383149366e+00
1.370000000000000107e+00,3.000000000000000000e+02,2.995513942054960808e+02,3.526647282745856149e+00
1.380000000000000115e+00,3.000000000000000000e+02,2.993800186648924750e+02,3.522897449297617278e+00
1.390000000000000124e+00,3.000000000000000000e+02,2.992031443197753333e+02,3.875383461844864375e+00
1.400000000000000133e+00,3.000000000000000000e+02,3.001719959473771837e+02,3.682130573216927161e+00
1.409999999999999920e+00,3.000000000000000000e+02,3.004790308839585009e+02,3.604548098936796841e+00
1.419999999999999929e+00,3.000000000000000000e+02,3.005235386345511301e+02,3.572037889872113681e+00
1.429999999999999938e+00,3.000000000000000000e+02,3.004612860725629844e+02,3.557090590935363394e+00
1.439999999999999947e+00,3.000000000000000000e+02,3.003531418438822698e+02,3.548986875534684948e+00
1.449999999999999956e+00,3.000000000000000000e+02,3.002229897884874958e+02,3.543549838678394792e+00
1.459999999999999964e+00,3.000000000000000000e+02,3.000802958071266175e+02,3.539151902816724871e+00
1.469999999999999973e+00,3.000000000000000000e+02,2.999289015392785700e+02,3.535158864230468989e+00
1.479999999999999982e+00,3.000000000000000000e+02,2.997704511551955306e+02,3.531323598377068773e+00
1.489999999999999991e+00,3.000000000000000000e+02,2.996057268719046647e+02,3.527549810426200860e+00
1.500000000000000000e+00,3.000000000000000000e+02,2.994351695713930326e+02,3.523799978024754864e+00
1.510000000000000009e+00,3.000000000000000000e+02,2.992590818763077891e+02,3.876285990979898344e+00
1.520000000000000018e+00,3.000000000000000000e+02,3.002286897815552607e+02,3.683033102510901102e+00
1.530000000000000027e+00,3.000000000000000000e+02,3.005364517953136669e+02,3.605450628292705240e+00
1.540000000000000036e+00,3.000000000000000000e+02,3.005816585497740903e+02,3.572940419252153887e+00
1.550000000000000044e+00,3.000000000000000000e+02,3.005200780021737046e+02,3.557993120324808078e+00
1.560000000000000053e+00,3.000000000000000000e+02,3.004125798404562033e+02,3.549889404927792924e+00
1.570000000000000062e+00,3.000000000000000000e+02,3.002830489064495509e+02,3.544452368072929627e+00
1.580000000000000071e+00,3.000000000000000000e+02,3.001409520640794426e+02,3.540054432211816593e+00
1.590000000000000080e+00,3.000000000000000000e+02,2.999901318788171807e+02,3.536061393625776983e+00
1.600000000000000089e+00,3.000000000000000000e+02,2.998322334111553573e+02,3.532226127772461144e+00
1.610000000000000098e+00,3.000000000000000000e+02,2.996680397339886213e+02,3.528452339821626094e+00
1.620000000000000107e+00,3.000000000000000000e+02,2.994979925521255950e+02,3.524702507420196085e+00
1.630000000000000115e+00,3.000000000000000000e+02,2.993223952792644695e+02,3.520962009565391959e+00
1.640000000000000124e+00,3.000000000000000000e+02,2.991414923728057147e+02,3.873451659830594807e+00
1.650000000000000133e+00,3.000000000000000000e+02,3.001064827413045464e+02,3.680200188679973117e+00
1.660000000000000142e+00,3.000000000000000000e+02,3.004098100875507384e+02,3.602618266735667873e+00
1.669999999999999929e+00,3.000000000000000000e+02,3.004507551878938330e+02,3.570108272894787937e+00
1.679999999999999938e+00,3.000000000000000000e+02,3.003850782301710751e+02,3.555161057822390891e+00
1.689999999999999947e+00,3.000000000000000000e+02,3.002736420976348199e+02,3.547057375100391319e+00
1.699999999999999956e+00,3.000000000000000000e+02,3.001403253491760097e+02,3.541620350977711773e+00
1.709999999999999964e+00,3.000000000000000000e+02,2.999945889093052074e+02,3.537222420077836382e+00
1.719999999999999973e+00,3.000000000000000000e+02,2.998402696727359853e+02,3.533229383424997039e+00
1.729999999999999982e+00,3.000000000000000000e+02,2.996790072634837543e+02,3.529394118324974627e+00
1.739999999999999991e+00,3.000000000000000000e+02,2.995115795338477369e+02,3.525620330667667446e+00
1.750000000000000000e+00,3.000000000000000000e+02,2.993384231719428499e+02,3.878097009190566880e+00
1.760000000000000009e+00,3.000000000000000000e+02,3.003108190673955278e+02,3.684840483456084836e+00
1.770000000000000018e+00,3.000000000000000000e+02,3.006212496708420190e+02,3.607256591936882639e+00
1.780000000000000027e+00,3.000000000000000000e+02,3.006690173974966456e+02,3.574745830629207699e+00
1.790000000000000036e+00,3.000000000000000000e+02,3.006098971548242389e+02,3.559798316504825699e+00
1.800000000000000044e+00,3.000000000000000000e+02,3.005047636067656640e+02,3.551694517253889405e+00
1.810000000000000053e+00,3.000000000000000000e+02,3.003775057143029699e+02,3.546257447724412426e+00
1.820000000000000062e+00,3.000000000000000000e+02,3.002375940424572036e+02,3.541859499131272404e+00
1.830000000000000071e+00,3.000000000000000000e+02,3.000888746139631280e+02,3.537866455584056880e+00
1.840000000000000080e+00,3.000000000000000000e+02,2.999329957737593304e+02,3.534031187797562534e+00
1.850000000000000089e+00,3.000000000000000000e+02,2.997707437370449384e+02,3.530257399093442938e+00
1.860000000000000098e+00,3.000000000000000000e+02,2.996025632236328420e+02,3.526507566398487281e+00
1.870000000000000107e+00,3.000000000000000000e+02,2.994287605434849979e+02,3.522767068429307979e+00
1.880000000000000115e+00,3.000000000000000000e+02,2.992495829375299650e+02,3.519030207839990876e+00
1.890000000000000124e+00,3.000000000000000000e+02,2.990652496920081376e+02,3.871521275406202722e+00
1.900000000000000133e+00,3.000000000000000000e+02,3.000269467511914172e+02,3.678270356522702400e+00
1.910000000000000142e+00,3.000000000000000000e+02,3.003271097319916407e+02,3.600688649775432904e+00
1.919999999999999929e+00,3.000000000000000000e+02,3.003650133429605944e+02,3.568178739788474108e+00
1.929999999999999938e+00,3.000000000000000000e+02,3.002964126031364458e+02,3.553231557390690742e+00
1.939999999999999947e+00,3.000000000000000000e+02,3.001821656855596530e+02,3.545127887400718159e+00
1.949999999999999956e+00,3.000000000000000000e+02,3.000461467217047016e+02,3.539690868239216748e+00
1.959999999999999964e+00,3.000000000000000000e+02,2.998978124189421237e+02,3.535292939272517199e+00
1.969999999999999973e+00,3.000000000000000000e+02,2.997409956329994429e+02,3.531299903372962401e+00
1.979999999999999982e+00,3.000000000000000000e+02,2.995773321108288201e+02,3.527464638566465194e+00
1.989999999999999991e+00,3.000000000000000000e+02,2.994075959796919051e+02,3.523690851023535853e+00
2.000000000000000000e+00,3.000000000000000000e+02,2.992322203474017215e+02,3.876167529591000527e+00
2.010000000000000231e+00,3.000000000000000000e+02,3.002024826618770703e+02,3.682911003873885036e+00
2.020000000000000018e+00,3.000000000000000000e+02,3.005108620650731837e+02,3.605327112361449426e+00
2.030000000000000249e+00,3.000000000000000000e+02,3.005566577913302808e+02,3.572816351056412376e+00
2.040000000000000036e+00,3.000000000000000000e+02,3.004956416900781164e+02,3.557868836933057999e+00
2.049999999999999822e+00,3.000000000000000000e+02,3.003886854853057571e+02,3.549765037682523605e+00
2.060000000000000053e+00,3.000000000000000000e+02,3.002596753115626598e+02,3.544327968153203834e+00
2.069999999999999840e+00,3.000000000000000000e+02,3.001180790165709027e+02,3.539930019560123320e+00
2.080000000000000071e+00,3.000000000000000000e+02,2.999677400106857590e+02,3.535936976012930000e+00
2.089999999999999858e+00,3.000000000000000000e+02,2.998103041273343479e+02,3.532101708226446757e+00
2.100000000000000089e+00,3.000000000000000000e+02,2.996465551671774961e+02,3.528327919522331602e+00
2.109999999999999876e+00,3.000000000000000000e+02,2.994769355287186272e+02,3.524578086827375945e+00
2.120000000000000107e+00,3.000000000000000000e+02,2.993017492902393428e+02,3.877064099668149133e+00
2.129999999999999893e+00,3.000000000000000000e+02,3.002722238451699468e+02,3.683811211154587095e+00
2.140000000000000124e+00,3.000000000000000000e+02,3.005808190458602098e+02,3.606228736919024236e+00
2.149999999999999911e+00,3.000000000000000000e+02,3.006268268166347184e+02,3.573718527871706296e+00
2.160000000000000142e+00,3.000000000000000000e+02,3.005660163569192491e+02,3.558771228941722153e+00
2.169999999999999929e+00,3.000000000000000000e+02,3.004592585488626924e+02,3.550667513543679821e+00
2.180000000000000160e+00,3.000000000000000000e+02,3.003304393823797795e+02,3.545230476688419063e+00
2.189999999999999947e+00,3.000000000000000000e+02,3.001890268251507337e+02,3.540832540827148822e+00
2.200000000000000178e+00,3.000000000000000000e+02,3.000388645037825768e+02,3.536839502241047040e+00
2.209999999999999964e+00,3.000000000000000000e+02,2.998815984989309413e+02,3.533004236387709440e+00
2.220000000000000195e+00,3.000000000000000000e+02,2.997180128642634713e+02,3.529230448436865508e+00
2.229999999999999982e+00,3.000000000000000000e+02,2.995485502474926420e+02,3.525480616035431058e+00
2.240000000000000213e+00,3.000000000000000000e+02,2.993735149688135948e+02,3.521740118180624268e+00
2.250000000000000000e+00,3.000000000000000000e+02,2.991931523571225284e+02,3.874229768445826672e+00
2.260000000000000231e+00,3.000000000000000000e+02,3.001586621588206754e+02,3.680978297295205426e+00
2.270000000000000018e+00,3.000000000000000000e+02,3.004624888821933268e+02,3.603396375350900183e+00
2.280000000000000249e+00,3.000000000000000000e+02,3.005039140779842342e+02,3.570886381510020247e+00
2.290000000000000036e+00,3.000000000000000000e+02,3.004386986785244176e+02,3.555939166437623200e+00
2.300000000000000266e+00,3.000000000000000000e+02,3.003277062828138924e+02,3.547835483715623628e+00
2.310000000000000053e+00,3.000000000000000000e+02,3.001948161378552982e+02,3.542398459592944082e+00
2.319999999999999840e+00,3.000000000000000000e+02,3.000494898297018267e+02,3.538000528693068691e+00
2.330000000000000071e+00,3.000000000000000000e+02,2.998955648890665771e+02,3.534007492040229348e+00
2.339999999999999858e+00,3.000000000000000000e+02,2.997346815514077321e+02,3.530172226940206937e+00
2.350000000000000089e+00,3.000000000000000000e+02,2.995676182568585091e+02,3.526398439282899755e+00
2.359999999999999876e+00,3.000000000000000000e+02,2.993948122586704699e+02,3.522648606995846698e+00
2.370000000000000107e+00,3.000000000000000000e+02,2.992165626917728218e+02,3.875134619995562080e+00
2.379999999999999893e+00,3.000000000000000000e+02,3.001840921983732642e+02,3.681881731543934499e+00
2.390000000000000124e+00,3.000000000000000000e+02,3.004898560635414810e+02,3.604299257332505224e+00
2.399999999999999911e+00,3.000000000000000000e+02,3.005331418208626815e+02,3.571789048294591762e+00
2.410000000000000142e+00,3.000000000000000000e+02,3.004697144486306115e+02,3.556841749368273575e+00
2.419999999999999929e+00,3.000000000000000000e+02,3.003604407708753001e+02,3.548738033971658101e+00
2.430000000000000160e+00,3.000000000000000000e+02,3.002292028760939502e+02,3.543300997116951567e+00
2.439999999999999947e+00,3.000000000000000000e+02,3.000854649811927857e+02,3.538903061255900262e+00
2.450000000000000178e+00,3.000000000000000000e+02,2.999330671068294691e+02,3.534910022669882412e+00
2.459999999999999964e+00,3.000000000000000000e+02,2.997736518669421457e+02,3.531074756816575011e+00
2.470000000000000195e+00,3.000000000000000000e+02,2.996079999823360254e+02,3.527300968865744846e+00
2.479999999999999982e+00,3.000000000000000000e+02,2.994365508965479421e+02,3.523551136464314393e+00
2.490000000000000213e+00,3.000000000000000000e+02,2.992596058493153919e+02,3.519810638609510267e+00
2.500000000000000000e+00,3.000000000000000000e+02,2.990774072080179167e+02,3.872300288874715335e+00
2.510000000000000231e+00,3.000000000000000000e+02,3.000411518718885873e+02,3.679048817724093645e+00
2.520000000000000018e+00,3.000000000000000000e+02,3.003432816119776589e+02,3.601466895779788402e+00
2.530000000000000249e+00,3.000000000000000000e+02,3.003830753474827020e+02,3.568956901938908466e+00
2.540000000000000036e+00,3.000000000000000000e+02,3.003162914807962807e+02,3.554009686866511419e+00
2.550000000000000266e+00,3.000000000000000000e+02,3.002037911786645168e+02,3.545906004144511847e+00
2.560000000000000053e+00,3.000000000000000000e+02,3.000694513497492153e+02,3.540468980021832301e+00
2.569999999999999840e+00,3.000000000000000000e+02,2.999227313320493522e+02,3.536071049121956911e+00
2.580000000000000071e+00,3.000000000000000000e+02,2.997674664950243937e+02,3.532078012469117567e+00
2.589999999999999858e+00,3.000000000000000000e+02,2.996052949963280980e+02,3.528242747369095156e+00
2.600000000000000089e+00,3.000000000000000000e+02,2.994369932785163542e+02,3.524468959711787974e+00
2.609999999999999876e+00,3.000000000000000000e+02,2.992629966743928662e+02,3.876945638234687408e+00
2.620000000000000107e+00,3.000000000000000000e+02,3.002345847706036466e+02,3.683689112500205365e+00
2.629999999999999893e+00,3.000000000000000000e+02,3.005442387651141871e+02,3.606105220981003168e+00
2.640000000000000124e+00,3.000000000000000000e+02,3.005912598688356070e+02,3.573594459673328227e+00
2.649999999999999911e+00,3.000000000000000000e+02,3.005314218314296113e+02,3.558646945548946228e+00
2.660000000000000142e+00,3.000000000000000000e+02,3.004255982037381045e+02,3.550543146298009933e+00
2.669999999999999929e+00,3.000000000000000000e+02,3.002976768766229156e+02,3.545106076768532954e+00
2.680000000000000160e+00,3.000000000000000000e+02,3.001571273863033866e+02,3.540708128175392932e+00
2.689999999999999947e+00,3.000000000000000000e+02,3.000077947664363478e+02,3.536715084628177408e+00
2.700000000000000178e+00,3.000000000000000000e+02,2.998513264110721934e+02,3.532879816841683063e+00
2.709999999999999964e+00,3.000000000000000000e+02,2.996885076212369086e+02,3.529106028137563467e+00
2.720000000000000195e+00,3.000000000000000000e+02,2.995197822378678438e+02,3.525356195442607810e+00
2.729999999999999982e+00,3.000000000000000000e+02,2.993454557259861417e+02,3.521615697473428508e+00
2.740000000000000213e+00,3.000000000000000000e+02,2.991657745142038607e+02,3.874105347694063894e+00
2.750000000000000000e+00,3.000000000000000000e+02,3.001319394058232888e+02,3.680853876526075652e+00
2.760000000000000231e+00,3.000000000000000000e+02,3.004363959250845824e+02,3.603271954575002933e+00
2.770000000000000018e+00,3.000000000000000000e+02,3.004784265994052248e+02,3.570761960731487772e+00
2.780000000000000249e+00,3.000000000000000000e+02,3.004137933000581597e+02,3.555814745658063547e+00
2.790000000000000036e+00,3.000000000000000000e+02,3.003033605287233740e+02,3.547711062935662074e+00
2.800000000000000266e+00,3.000000000000000000e+02,3.001710084002265262e+02,3.542274038812827541e+00
2.810000000000000053e+00,3.000000000000000000e+02,3.000261993349346312e+02,3.537876107912889978e+00
2.819999999999999840e+00,3.000000000000000000e+02,2.998727716656600251e+02,3.533883071260028430e+00
2.830000000000000071e+00,3.000000000000000000e+02,2.997123663989898432e+02,3.530047806159997137e+00
2.839999999999999858e+00,3.000000000000000000e+02,2.995457627164116161e+02,3.526274018502688179e+00
2.850000000000000089e+00,3.000000000000000000e+02,2.993733985839066349e+02,3.522524186215630682e+00
2.859999999999999876e+00,3.000000000000000000e+02,2.991955738216140048e+02,3.875010199215346063e+00
2.870000000000000107e+00,3.000000000000000000e+02,3.001635117304945766e+02,3.681757310763718483e+00
2.879999999999999893e+00,3.000000000000000000e+02,3.004696682289356886e+02,3.604174836552289207e+00
2.890000000000000124e+00,3.000000000000000000e+02,3.005133314593869045e+02,3.571664627514375745e+00
2.899999999999999911e+00,3.000000000000000000e+02,3.004502669854971941e+02,3.556717328588057558e+00
2.910000000000000142e+00,3.000000000000000000e+02,3.003413421940504122e+02,3.548613613191442084e+00
2.919999999999999929e+00,3.000000000000000000e+02,3.002104397145686789e+02,3.543176576336735550e+00
2.930000000000000160e+00,3.000000000000000000e+02,3.000670242840936339e+02,3.538778640475684245e+00
2.939999999999999947e+00,3.000000000000000000e+02,2.999149364233350070e+02,3.534785601889666395e+00
2.950000000000000178e+00,3.000000000000000000e+02,2.997558192269752908e+02,3.530950336036358994e+00
2.959999999999999964e+00,3.000000000000000000e+02,2.995904538780018811e+02,3.527176548085528829e+00
2.970000000000000195e+00,3.000000000000000000e+02,2.994192802642880906e+02,3.523426715684098376e+00
2.979999999999999982e+00,3.000000000000000000e+02,2.992426000527515839e+02,3.875912728639246740e+00
2.990000000000000213e+00,3.000000000000000000e+02,3.002116383194716036e+02,3.682659840170251719e+00
3.000000000000000000e+00,3.000000000000000000e+02,3.005188526892762297e+02,3.605077365952058521e+00
3.010000000000000231e+00,3.000000000000000000e+02,2.981402525397690511e+02,3.572567156911507169e+00
3.020000000000000018e+00,3.000000000000000000e+02,2.957484518051108466e+02,3.557619857984161360e+00
3.030000000000000249e+00,3.000000000000000000e+02,2.934007066537163837e+02,3.549516142587146206e+00
3.040000000000000036e+00,3.000000000000000000e+02,2.911174279311397868e+02,3.900305616542235398e+00
3.050000000000000266e+00,3.000000000000000000e+02,2.900557249391055166e+02,4.062618163566827256e+00
3.060000000000000053e+00,3.000000000000000000e+02,2.895594542665339191e+02,4.151488576874672987e+00
3.070000000000000284e+00,3.000000000000000000e+02,2.893694892361179996e+02,4.211741444827178604e+00
3.080000000000000071e+00,3.000000000000000000e+02,2.893815384914065021e+02,3.904616656697676991e+00
3.089999999999999858e+00,3.000000000000000000e+02,2.884007898659616558e+02,4.138889239352629978e+00
3.100000000000000089e+00,3.000000000000000000e+02,2.882148535863207712e+02,4.255799681989772765e+00
3.109999999999999876e+00,3.000000000000000000e+02,2.884138389571757557e+02,4.326978659662769289e+00
3.120000000000000107e+00,3.000000000000000000e+02,2.888351233753596148e+02,4.380337862683996164e+00
3.129999999999999893e+00,3.000000000000000000e+02,2.894125471363645943e+02,4.426753392046643754e+00
3.140000000000000124e+00,3.000000000000000000e+02,2.901176461815232415e+02,4.470463241633923168e+00
3.149999999999999911e+00,3.000000000000000000e+02,2.909367486210024367e+02,4.513118792962560022e+00
3.160000000000000142e+00,3.000000000000000000e+02,2.918620461371886563e+02,4.555363525232601241e+00
3.169999999999999929e+00,3.000000000000000000e+02,2.928881110103731658e+02,4.241221666471063578e+00
3.180000000000000160e+00,3.000000000000000000e+02,2.928595529423490689e+02,4.472759969402495095e+00
3.189999999999999947e+00,3.000000000000000000e+02,2.935802071863913625e+02,4.588604969492666719e+00
3.200000000000000178e+00,3.000000000000000000e+02,2.946473358115229075e+02,4.303142274801049716e+00
3.209999999999999964e+00,3.000000000000000000e+02,2.947509195059151352e+02,4.545855733422940581e+00
3.220000000000000195e+00,3.000000000000000000e+02,2.956347207074311996e+02,4.309828746579850822e+00
3.229999999999999982e+00,3.000000000000000000e+02,2.957217842934118153e+02,4.571805379348953480e+00
3.240000000000000213e+00,3.000000000000000000e+02,2.966519433485853483e+02,4.343284502853525630e+00
3.250000000000000000e+00,3.000000000000000000e+02,2.968078273907682956e+02,4.251959464308010972e+00
3.260000000000000231e+00,3.000000000000000000e+02,2.966626176210044719e+02,4.570320822831176244e+00
3.270000000000000018e+00,3.000000000000000000e+02,2.975516530679777247e+02,4.363770882703672527e+00
3.280000000000000249e+00,3.000000000000000000e+02,2.977389903305213466e+02,4.281007064212484003e+00
3.290000000000000036e+00,3.000000000000000000e+02,2.976516809755129316e+02,4.602704397479336684e+00
3.300000000000000266e+00,3.000000000000000000e+02,2.986071598874852384e+02,4.397454357064715325e+00
3.310000000000000053e+00,3.000000000000000000e+02,2.988625751646833919e+02,4.315197058974123756e+00
3.320000000000000284e+00,3.000000000000000000e+02,2.988423518209187364e+02,4.280865252746424154e+00
3.330000000000000071e+00,3.000000000000000000e+02,2.987119818721805018e+02,4.265208148187292991e+00
3.339999999999999858e+00,3.000000000000000000e+02,2.985360569575816498e+02,4.256827849120482732e+00
3.350000000000000089e+00,3.000000000000000000e+02,2.983398476742944467e+02,4.607509549168223195e+00
3.359999999999999876e+00,3.000000000000000000e+02,2.992842811070333369e+02,4.413553590079544620e+00
3.370000000000000107e+00,3.000000000000000000e+02,2.995655690216797780e+02,4.335697156564027210e+00
3.379999999999999893e+00,3.000000000000000000e+02,2.995844387069810750e+02,4.303080196232087928e+00
3.390000000000000124e+00,3.000000000000000000e+02,2.994971930850940112e+02,4.288091300475123546e+00
3.399999999999999911e+00,3.000000000000000000e+02,2.993648864139684065e+02,4.279971376410169448e+00
3.410000000000000142e+00,3.000000000000000000e+02,2.992114524923933914e+02,4.274528023667319765e+00
3.419999999999999929e+00,3.000000000000000000e+02,2.990463551847499843e+02,4.626354137560062973e+00
3.430000000000000160e+00,3.000000000000000000e+02,3.000243969619400559e+02,4.432844112071859577e+00
3.439999999999999947e+00,3.000000000000000000e+02,3.003394363834207184e+02,4.355161441550299273e+00
3.450000000000000178e+00,3.000000000000000000e+02,3.003913158159673458e+02,4.322612189904218916e+00
3.459999999999999964e+00,3.000000000000000000e+02,3.003360241563864292e+02,4.307649677590792869e+00
3.470000000000000195e+00,3.000000000000000000e+02,3.002345229044896655e+02,4.299540034128455090e+00
3.479999999999999982e+00,3.000000000000000000e+02,3.001107381770565894e+02,4.294100687336917410e+00
3.490000000000000213e+00,3.000000000000000000e+02,2.999741582083509002e+02,4.289701851383254549e+00
3.500000000000000000e+00,3.000000000000000000e+02,2.998286389739853348e+02,4.285708462066125435e+00
3.510000000000000231e+00,3.000000000000000000e+02,2.996758356465543898e+02,4.281873059546534854e+00
3.520000000000000018e+00,3.000000000000000000e+02,2.995165399372544925e+02,4.278099218342164001e+00
3.530000000000000249e+00,3.000000000000000000e+02,2.993512014335165077e+02,4.630575875999850766e+00
3.540000000000000036e+00,3.000000000000000000e+02,3.003311132608226330e+02,4.437319342135006117e+00
3.550000000000000266e+00,3.000000000000000000e+02,3.006487695687707742e+02,4.359735447447719459e+00
3.560000000000000053e+00,3.000000000000000000e+02,3.007034839947095861e+02,4.327224684905567109e+00
3.570000000000000284e+00,3.000000000000000000e+02,3.006510422251495243e+02,4.312277170300155227e+00
3.580000000000000071e+00,3.000000000000000000e+02,3.005523292830692412e+02,4.304173370861780867e+00
3.589999999999999858e+00,3.000000000000000000e+02,3.004312440870253340e+02,4.298736301259266313e+00
3.600000000000000089e+00,3.000000000000000000e+02,3.002972667745578406e+02,4.294338352637667278e+00
3.609999999999999876e+00,3.000000000000000000e+02,3.001542525710860332e+02,4.290345309079360625e+00
3.620000000000000107e+00,3.000000000000000000e+02,3.000038586688160649e+02,4.286510041288545736e+00
3.629999999999999893e+00,3.000000000000000000e+02,2.998468797885743697e+02,4.282736252582742154e+00
3.640000000000000124e+00,3.000000000000000000e+02,2.996837688273732283e+02,4.278986419887130133e+00
3.649999999999999911e+00,3.000000000000000000e+02,2.995148399566352282e+02,4.275245921917694147e+00
3.660000000000000142e+00,3.000000000000000000e+02,2.993403479752050202e+02,4.271509061328277568e+00
3.669999999999999929e+00,3.000000000000000000e+02,2.991605194354161767e+02,4.624000128894448558e+00
3.680000000000000160e+00,3.000000000000000000e+02,3.001265472670789904e+02,4.430749210010935357e+00
3.689999999999999947e+00,3.000000000000000000e+02,3.004308738029217807e+02,4.353167503263659199e+00
3.700000000000000178e+00,3.000000000000000000e+02,3.004727802080053038e+02,4.320657593276698627e+00
3.709999999999999964e+00,3.000000000000000000e+02,3.004080277085814714e+02,4.305710410878912597e+00
3.720000000000000195e+00,3.000000000000000000e+02,3.002974804452348394e+02,4.297606740888939569e+00
3.729999999999999982e+00,3.000000000000000000e+02,3.001650182865685679e+02,4.292169721727438159e+00
3.740000000000000213e+00,3.000000000000000000e+02,3.000201034555627757e+02,4.287771792760738165e+00
3.750000000000000000e+00,3.000000000000000000e+02,2.998665741105889992e+02,4.283778756861183368e+00
3.760000000000000231e+00,3.000000000000000000e+02,2.997060710965004660e+02,4.279943492054687049e+00
3.770000000000000018e+00,3.000000000000000000e+02,2.995393734416226721e+02,4.276169704511756819e+00
3.780000000000000249e+00,3.000000000000000000e+02,2.993669189655951186e+02,4.272419872269269447e+00
3.790000000000000036e+00,3.000000000000000000e+02,2.991890073482189791e+02,4.624905885286353602e+00
3.800000000000000266e+00,3.000000000000000000e+02,3.001568617556734466e+02,4.431652996841490832e+00
3.810000000000000053e+00,3.000000000000000000e+02,3.004629379768221042e+02,4.354070522632699003e+00
3.820000000000000284e+00,3.000000000000000000e+02,3.005065240296126490e+02,4.321560313595813163e+00
3.830000000000000071e+00,3.000000000000000000e+02,3.004433853580076175e+02,4.306613014669894213e+00
3.839999999999999858e+00,3.000000000000000000e+02,3.003343892337287002e+02,4.298509299273436390e+00
3.850000000000000089e+00,3.000000000000000000e+02,3.002034181756799285e+02,4.293072262418790253e+00
3.859999999999999876e+00,3.000000000000000000e+02,3.000599368145564085e+02,4.288674326557763372e+00
3.870000000000000107e+00,3.000000000000000000e+02,2.999077855688278760e+02,4.284681287971754848e+00
3.879999999999999893e+00,3.000000000000000000e+02,2.997486074348843204e+02,4.280846022118451444e+00
3.890000000000000124e+00,3.000000000000000000e+02,2.995831835012159559e+02,4.277072234167620834e+00
3.899999999999999911e+00,3.000000000000000000e+02,2.994119535648477495e+02,4.273322401766193046e+00
3.910000000000000142e+00,3.000000000000000000e+02,2.992352192053566000e+02,4.625808414721340966e+00
3.919999999999999929e+00,3.000000000000000000e+02,3.002042054148532770e+02,4.432555526252346390e+00
3.930000000000000160e+00,3.000000000000000000e+02,3.005113697374399067e+02,4.354973052034153191e+00
3.939999999999999947e+00,3.000000000000000000e+02,3.005560018784557883e+02,4.322462842993601839e+00
3.950000000000000178e+00,3.000000000000000000e+02,3.004938689040733379e+02,4.307515544066256474e+00
3.959999999999999964e+00,3.000000000000000000e+02,3.003858396455769366e+02,4.299411828669241764e+00
3.970000000000000195e+00,3.000000000000000000e+02,3.002557981212119671e+02,4.293974791814378911e+00
3.979999999999999982e+00,3.000000000000000000e+02,3.001132104031213998e+02,4.289576855953264989e+00
3.990000000000000213e+00,3.000000000000000000e+02,2.999619182955656242e+02,4.285583817367225379e+00
4.000000000000000000e+00,3.000000000000000000e+02,2.998035661272178345e+02,4.281748551513909540e+00
4.009999999999999787e+00,3.000000000000000000e+02,2.996389362674098038e+02,4.277974763563074490e+00
4.020000000000000462e+00,3.000000000000000000e+02,2.994684697445529196e+02,4.274224931161644037e+00
4.030000000000000249e+00,3.000000000000000000e+02,2.992924693220648464e+02,4.626710944116791957e+00
4.040000000000000036e+00,3.000000000000000000e+02,3.002621611301873372e+02,4.433458055647797380e+00
4.049999999999999822e+00,3.000000000000000000e+02,3.005700038072085363e+02,4.355875581429601517e+00
4.060000000000000497e+00,3.000000000000000000e+02,3.006152881104056291e+02,4.323365372389050165e+00
4.070000000000000284e+00,3.000000000000000000e+02,3.005537821172720783e+02,4.308418073461704800e+00
4.080000000000000071e+00,3.000000000000000000e+02,3.004463556313648951e+02,4.300314358064690090e+00
4.089999999999999858e+00,3.000000000000000000e+02,3.003168936056610505e+02,4.294877321209827237e+00
4.099999999999999645e+00,3.000000000000000000e+02,3.001748630109437386e+02,4.290479385348713315e+00
4.110000000000000320e+00,3.000000000000000000e+02,3.000241065154158946e+02,4.286486346762673705e+00
4.120000000000000107e+00,3.000000000000000000e+02,2.998662692783349826e+02,4.282651080909357866e+00
4.129999999999999893e+00,3.000000000000000000e+02,2.997021344675471823e+02,4.278877292958522816e+00
4.139999999999999680e+00,3.000000000000000000e+02,2.995321438791463606e+02,4.275127460557092363e+00
4.150000000000000355e+00,3.000000000000000000e+02,2.993566010145914902e+02,4.271386962702288237e+00
4.160000000000000142e+00,3.000000000000000000e+02,2.991757504156549885e+02,4.623876612967491084e+00
4.169999999999999929e+00,3.000000000000000000e+02,3.001407910720064365e+02,4.430625141816870283e+00
4.179999999999999716e+00,3.000000000000000000e+02,3.004441667644179006e+02,4.353043219872564151e+00
4.190000000000000391e+00,3.000000000000000000e+02,3.004851583442103902e+02,4.320533226031684215e+00
4.200000000000000178e+00,3.000000000000000000e+02,3.004195260712977529e+02,4.305586010959286725e+00
4.209999999999999964e+00,3.000000000000000000e+02,3.003081328982259492e+02,4.297482328237287597e+00
4.219999999999999751e+00,3.000000000000000000e+02,3.001748574505040779e+02,4.292045304114608051e+00
4.230000000000000426e+00,3.000000000000000000e+02,3.000291607166885797e+02,4.287647373214732660e+00
4.240000000000000213e+00,3.000000000000000000e+02,2.998748796530659320e+02,4.283654336561893317e+00
4.250000000000000000e+00,3.000000000000000000e+02,2.997136539428472588e+02,4.279819071461870905e+00
4.259999999999999787e+00,3.000000000000000000e+02,2.995462614952416516e+02,4.276045283804563724e+00
4.270000000000000462e+00,3.000000000000000000e+02,2.993731390530764429e+02,4.272295451517511111e+00
4.280000000000000249e+00,3.000000000000000000e+02,2.991945852605647929e+02,4.624781464517226937e+00
4.290000000000000036e+00,3.000000000000000000e+02,3.001618222881455154e+02,4.431528576065598912e+00
4.299999999999999822e+00,3.000000000000000000e+02,3.004673049673351670e+02,4.353946101854170081e+00
4.310000000000000497e+00,3.000000000000000000e+02,3.005103203956782636e+02,4.321435892816256619e+00
4.320000000000000284e+00,3.000000000000000000e+02,3.004466331322639121e+02,4.306488593889937100e+00
4.330000000000000071e+00,3.000000000000000000e+02,3.003371095981036092e+02,4.298384878493322958e+00
4.339999999999999858e+00,3.000000000000000000e+02,3.002056314942371387e+02,4.292947841638616424e+00
4.350000000000000533e+00,3.000000000000000000e+02,3.000616626650737544e+02,4.288549905777565563e+00
4.360000000000000320e+00,3.000000000000000000e+02,2.999090427731567274e+02,4.284556867191547269e+00
4.370000000000000107e+00,3.000000000000000000e+02,2.997494140881369162e+02,4.280721601338239424e+00
4.379999999999999893e+00,3.000000000000000000e+02,2.995835569998259302e+02,4.276947813387408814e+00
4.389999999999999680e+00,3.000000000000000000e+02,2.994119106335471088e+02,4.273197980985978361e+00
4.400000000000000355e+00,3.000000000000000000e+02,2.992347759231110444e+02,4.625683993941127170e+00
4.410000000000000142e+00,3.000000000000000000e+02,3.002033772397963958e+02,4.432431105472131705e+00
4.419999999999999929e+00,3.000000000000000000e+02,3.005101715308439907e+02,4.354848631253938507e+00
4.429999999999999716e+00,3.000000000000000000e+02,3.005544479277778009e+02,4.322338422213387155e+00
4.440000000000000391e+00,3.000000000000000000e+02,3.004919729451107173e+02,4.307391123286041790e+00
4.450000000000000178e+00,3.000000000000000000e+02,3.003836148837679616e+02,4.299287407889027079e+00
4.459999999999999964e+00,3.000000000000000000e+02,3.002532572521137695e+02,4.293850371034164226e+00
4.469999999999999751e+00,3.000000000000000000e+02,3.001103656320970572e+02,4.289452435173050304e+00
4.480000000000000426e+00,3.000000000000000000e+02,2.999587813567114267e+02,4.285459396587010694e+00
4.490000000000000213e+00,3.000000000000000000e+02,2.998001483015595454e+02,4.281624130733694855e+00
4.500000000000000000e+00,3.000000000000000000e+02,2.996352484003962786e+02,4.277850342782859805e+00
4.509999999999999787e+00,3.000000000000000000e+02,2.994645222628743682e+02,4.274100510381429352e+00
4.520000000000000462e+00,3.000000000000000000e+02,2.992882722498218300e+02,4.270360012526625226e+00
4.530000000000000249e+00,3.000000000000000000e+02,2.991067418064217236e+02,4.622849662791828074e+00
4.540000000000000036e+00,3.000000000000000000e+02,3.000711288680950588e+02,4.429598191641207272e+00
4.549999999999999822e+00,3.000000000000000000e+02,3.003738762020715285e+02,4.352016269696901141e+00
4.560000000000000497e+00,3.000000000000000000e+02,3.004142636852639043e+02,4.319506275856021205e+00
4.570000000000000284e+00,3.000000000000000000e+02,3.003480506408013753e+02,4.304559060783623714e+00
4.580000000000000071e+00,3.000000000000000000e+02,3.002360991206155063e+02,4.296455378061624586e+00
4.589999999999999858e+00,3.000000000000000000e+02,3.001022868843754168e+02,4.291018353938945040e+00
4.600000000000000533e+00,3.000000000000000000e+02,2.999560740882286609e+02,4.286620423039069649e+00
4.610000000000000320e+00,3.000000000000000000e+02,2.998012968881934626e+02,4.282627386386230306e+00
4.620000000000000107e+00,3.000000000000000000e+02,2.996395941981120927e+02,4.278792121286207895e+00
4.629999999999999893e+00,3.000000000000000000e+02,2.994717431875314446e+02,4.275018333628900713e+00
4.639999999999999680e+00,3.000000000000000000e+02,2.992981798881760369e+02,4.627495012151801035e+00
4.650000000000000355e+00,3.000000000000000000e+02,3.002701845586262834e+02,4.434238486417318548e+00
4.660000000000000142e+00,3.000000000000000000e+02,3.005802390428377748e+02,4.356654594898115462e+00
4.669999999999999929e+00,3.000000000000000000e+02,3.006276451727691779e+02,4.324143833590440522e+00
4.679999999999999716e+00,3.000000000000000000e+02,3.005681772951500079e+02,4.309196319466058966e+00
4.690000000000000391e+00,3.000000000000000000e+02,3.004627095348366197e+02,4.301092520215122228e+00
4.700000000000000178e+00,3.000000000000000000e+02,3.003351303345414181e+02,4.295655450685645249e+00
4.709999999999999964e+00,3.000000000000000000e+02,3.001949097610267359e+02,4.291257502092505227e+00
4.719999999999999751e+00,3.000000000000000000e+02,3.000458933580073335e+02,4.287264458545290147e+00
4.730000000000000426e+00,3.000000000000000000e+02,2.998897290098974509e+02,4.283429190758796246e+00
4.740000000000000213e+00,3.000000000000000000e+02,2.997272024891533988e+02,4.279655402054676649e+00
4.750000000000000000e+00,3.000000000000000000e+02,2.995587580899399427e+02,4.275905569359720992e+00
4.759999999999999787e+00,3.000000000000000000e+02,2.993847017130061090e+02,4.272165071390541691e+00
4.770000000000000462e+00,3.000000000000000000e+02,2.992052802058677230e+02,4.624654721611177521e+00
4.780000000000000249e+00,3.000000000000000000e+02,3.001716947745562720e+02,4.431403250443188391e+00
4.790000000000000036e+00,3.000000000000000000e+02,3.004763913304911398e+02,4.353821328492116116e+00
4.799999999999999822e+00,3.000000000000000000e+02,3.005186527733195021e+02,4.321311334648600067e+00
4.810000000000000497e+00,3.000000000000000000e+02,3.004542413321718755e+02,4.306364119575175842e+00
4.820000000000000284e+00,3.000000000000000000e+02,3.003440218527680940e+02,4.298260436852773481e+00
4.830000000000000071e+00,3.000000000000000000e+02,3.002118747806898682e+02,4.292823412729939392e+00
4.839999999999999858e+00,3.000000000000000000e+02,3.000672628542895382e+02,4.288425481830002717e+00
4.850000000000000533e+00,3.000000000000000000e+02,2.999140247120865865e+02,4.284432445177141169e+00
4.860000000000000320e+00,3.000000000000000000e+02,2.997538016545715323e+02,4.280597180077109876e+00
4.870000000000000107e+00,3.000000000000000000e+02,2.995873731457874669e+02,4.276823392419800918e+00
4.879999999999999893e+00,3.000000000000000000e+02,2.994151774233611150e+02,4.273073560132743864e+00
4.889999999999999680e+00,3.000000000000000000e+02,2.992375145685886082e+02,4.269333062322506755e+00
4.900000000000000355e+00,3.000000000000000000e+02,2.990546258354903557e+02,4.621822712605078820e+00
4.910000000000000142e+00,3.000000000000000000e+02,3.000177070530664878e+02,4.428571241461222385e+00
4.919999999999999929e+00,3.000000000000000000e+02,3.003191989635112122e+02,4.350989319519554144e+00
4.929999999999999716e+00,3.000000000000000000e+02,3.003583794969125051e+02,4.318479325679701830e+00
4.940000000000000391e+00,3.000000000000000000e+02,3.002910061047525687e+02,4.303532110607704908e+00
4.950000000000000178e+00,3.000000000000000000e+02,3.001779390395863061e+02,4.295428427885860323e+00
4.959999999999999964e+00,3.000000000000000000e+02,3.000430543311836686e+02,4.289991403763242062e+00
4.969999999999999751e+00,3.000000000000000000e+02,2.998958104725877547e+02,4.285593472863391540e+00
4.980000000000000426e+00,3.000000000000000000e+02,2.997400420209272625e+02,4.281600436210561078e+00
4.990000000000000213e+00,3.000000000000000000e+02,2.995773863528905281e+02,4.277765171110543108e+00
